<core:FragmentDefinition xmlns:core="sap.ui.core" class="sapUiSizeCompact" xmlns:mvc="sap.ui.core.mvc" xmlns="sap.m"
	controllerName="bnsf_app.controller.master" xmlns:html="http://www.w3.org/1999/xhtml" xmlns:l="sap.ui.layout"
	xmlns:form="sap.ui.layout.form">
	<Bar class="topheaderbg">
		<contentLeft>
			<Button type="Back" press="Back_to_position"/>
			<Image class="logoImage sapUiSmallMarginBegin sapUiTinyMarginTop" src="image/BNSF.png" press=""/>
		</contentLeft>
		<contentMiddle></contentMiddle>
		<contentRight width="auto" class="bar"></contentRight>
	</Bar>
	<Bar class="topheaderbg">
		<contentLeft></contentLeft>
		<contentMiddle></contentMiddle>
		<contentRight width="auto" class="bar">
			<Button type="Default" icon="sap-icon://create-form" text="CREATE" press="create"/>
			<ToggleButton type="Default" icon="sap-icon://edit" text="EDIT" press="edit"/>
			<Button type="Default" icon="sap-icon://forward" text="PROGRESS" press="onPress"/>
			<Button type="Default" icon="sap-icon://open-folder"  text="OPEN" press="onPress"/>
			<Button type="Default" icon="sap-icon://nav-back"  text="BACK" press="onPress"/>
		</contentRight>
	</Bar>
	<!--<Toolbar class="topheaderbg">
				<Button icon="sap-icon://menu2" class="button " ></Button>
				<ToolbarSpacer></ToolbarSpacer>
				<Image class="logoImage sapUiSmallMarginBegin sapUiTinyMarginTop" src="image/BNSF.png" press="" />
				<ToolbarSpacer></ToolbarSpacer>
				
       
				
			</Toolbar>-->
</core:FragmentDefinition>