<core:FragmentDefinition xmlns:core="sap.ui.core" xmlns:mvc="sap.ui.core.mvc" xmlns="sap.m" controllerName="bnsf_app.controller.bulletin"
	xmlns:html="http://www.w3.org/1999/xhtml" xmlns:l="sap.ui.layout" xmlns:form="sap.ui.layout.form">
	<Page id="wizardReviewPage" class="topheaderbg" showHeader="false">
		<Bar class="topheaderbg">
		<contentLeft>
			<Button type="Back" press="Back_to_position"/>
			<Image class="logoImage sapUiSmallMarginBegin sapUiTinyMarginTop" src="image/BNSF.png" press=""/>
		</contentLeft>
		<contentMiddle></contentMiddle>
		<contentRight width="auto" class="bar">
		</contentRight>
	</Bar>
	
		<content>
			<Panel class="sapUiSmallMargin" headerText="1. Product Type ">
				<form:SimpleForm minWidth="1024" editable="false" layout="ResponsiveGridLayout">
					<form:content>
						<Label text="Position"/>
						<Link press="editStepOne" text="Edit" class="textmargin"/>
					</form:content>
					<form:content>
						<Label text="Bulletin Descrption"/>
					</form:content>
					<form:content>
						<Label text="Bulletin Reason"/>
					</form:content>
					<form:content>
						<Label text="Bulletin Descrption"/>
					</form:content>
					<form:content>
						<Label text="Bulletin Status"/>
						<Text/>
					</form:content>
					<form:content>
						<Label text="Fill Short"/>
						<Text/>
					</form:content>
					<form:content>
						<Label text="System Wide"/>
						<Text/>
					</form:content>
					<form:content>
						<Label text="Period Info"/>
						<Text/>
					</form:content>
					<form:content>
						<Label text="HQ/Mobile Info"/>
						<Text/>
					</form:content>
					<form:content>
						<Label text="Machine/Vehicle Info"/>
						<Text/>
					</form:content>
				</form:SimpleForm>
			</Panel>
			<Panel headerText="2. Relationship">
				<form:SimpleForm title="General Information" minWidth="1024" editable="false" layout="ResponsiveGridLayout">
					<form:content>
						<Label text="Position ID"/>
						<Link press="editStepOne" text="Edit" class="textmargin"/>
					</form:content>
					<form:content>
						<Label text="Position Descrption"/>
					</form:content>
					<form:content>
						<Label text="Bulletin Reason"/>
					</form:content>
					<form:content>
						<Label text="HQ Code"/>
					</form:content>
					<form:content>
						<Label text="Supervisor"/>
						<Text/>
					</form:content>
					<form:content>
						<Label text="Assigned Supervisor"/>
						<Text/>
					</form:content>
					<form:content>
						<Label text="Last Location"/>
						<Text/>
					</form:content>
				</form:SimpleForm>
				<form:SimpleForm title="Relationship" minWidth="1024" editable="false" layout="ResponsiveGridLayout">
					<form:content>
						<Label text="Gang ID"/>
					</form:content>
					<form:content>
						<Label text="Gang Descrption"/>
					</form:content>
					<form:content>
						<Label text="Parent Gang ID"/>
					</form:content>
					<form:content>
						<Label text="Parent Gang Descrption"/>
					</form:content>
					<form:content>
						<Label text="Master CostCenter"/>
						<Text/>
					</form:content>
					<form:content>
						<Label text="Current CostCenter"/>
						<Text/>
					</form:content>
					<form:content>
						<Label text="District"/>
						<Text/>
					</form:content>
					<form:content>
						<Label text="Prior RTS District"/>
						<Text/>
					</form:content>
				</form:SimpleForm>
			</Panel>
			<Panel headerText="3. Qualification">
				<form:SimpleForm title="" minWidth="1024" editable="false" layout="ResponsiveGridLayout">
					<form:content>
						<Label text="Required Qualification ID"/>
						<Link press="editStepOne" text="Edit" class="textmargin"/>
					</form:content>
					<form:content>
						<Label text="Required Qualification Descrption"/>
					</form:content>
					<form:content>
						<Label text="Proficiency Required"/>
					</form:content>
					<form:content>
						<Label text="Restricted Qualification ID"/>
					</form:content>
					<form:content>
						<Label text="Required Qualification Description"/>
						<Text/>
					</form:content>
				</form:SimpleForm>
			</Panel>
			<Panel headerText="4. Time and Pay">
				<form:SimpleForm title="Work Schedule Information" minWidth="1024" editable="false" layout="ResponsiveGridLayout">
					<form:content>
						<Label text="Work Days"/>
						<Link press="editStepOne" text="Edit" class="textmargin"/>
					</form:content>
					<form:content>
						<Label text="Working Hours"/>
					</form:content>
					<form:content>
						<Label text="Rest Days"/>
					</form:content>
					<form:content>
						<Label text="Protect Days"/>
					</form:content>
					<form:content>
						<Label text="Meal Hours"/>
						<Text/>
					</form:content>
					<form:content>
						<Label text="Meals Paid"/>
						<Text/>
					</form:content>
				</form:SimpleForm>
				<form:SimpleForm title="Pay Information" minWidth="1024" editable="false" layout="ResponsiveGridLayout">
					<form:content>
						<Label text="Regular Rate of Pay"/>
					</form:content>
					<form:content>
						<Label text="Over Time Pay"/>
					</form:content>
					<form:content>
						<Label text="Special Allowance"/>
					</form:content>
					<form:content>
						<Label text="Shift Allowance"/>
					</form:content>
				</form:SimpleForm>
			</Panel>
			<Panel headerText="5. Assignment">
				<form:SimpleForm title="Current" minWidth="1024" editable="false" layout="ResponsiveGridLayout">
					<form:content>
						<Label text="Assignment Type"/>
						<Link press="editStepOne" text="Edit" class="textmargin"/>
					</form:content>
					<form:content>
						<Label text="Start Date"/>
					</form:content>
					<form:content>
						<Label text="Start Time"/>
					</form:content>
					<form:content>
						<Label text="End Date"/>
					</form:content>
					<form:content>
						<Label text="End Time"/>
						<Text/>
					</form:content>
					<form:content>
						<Label text="Assignment Reason"/>
						<Text/>
					</form:content>
					<form:content>
						<Label text="Employment Name"/>
					</form:content>
					<form:content>
						<Label text="Employee ID"/>
						<Text/>
					</form:content>
					<form:content>
						<Label text="Seniority Date"/>
						<Text/>
					</form:content>
					<form:content>
						<Label text="Field TBD"/>
						<Text/>
					</form:content>
				</form:SimpleForm>
				<form:SimpleForm title="Upcoming" minWidth="1024" editable="false" layout="ResponsiveGridLayout">
					<form:content>
						<Label text="Assignment Type"/>
					</form:content>
					<form:content>
						<Label text="Start Date"/>
					</form:content>
					<form:content>
						<Label text="Start Time"/>
					</form:content>
					<form:content>
						<Label text="End Date"/>
					</form:content>
					<form:content>
						<Label text="End Time"/>
						<Text/>
					</form:content>
					<form:content>
						<Label text="Assignment Reason"/>
						<Text/>
					</form:content>
					<form:content>
						<Label text="Employment Name"/>
					</form:content>
					<form:content>
						<Label text="Employee ID"/>
						<Text/>
					</form:content>
					<form:content>
						<Label text="Seniority Date"/>
						<Text/>
					</form:content>
					<form:content>
						<Label text="Field TBD"/>
						<Text/>
					</form:content>
				</form:SimpleForm>
			</Panel>
		</content>
		<footer>
			<Bar>
				<contentRight>
					<Button text="Submit" press="handleWizardSubmit"></Button>
					<Button text="Cancel" press="handleWizardCancel"></Button>
				</contentRight>
			</Bar>
		</footer>
	</Page>
</core:FragmentDefinition>