<core:FragmentDefinition xmlns:core="sap.ui.core" xmlns:mvc="sap.ui.core.mvc" xmlns="sap.m" controllerName="bnsf.controller.position"
	xmlns:html="http://www.w3.org/1999/xhtml" xmlns:l="sap.ui.layout" xmlns:form="sap.ui.layout.form"
	class="sapUiSizeCompact">
	<Toolbar class="topheaderbg">
		<Bar class="topheaderbg">
		<contentLeft>
			<Button type="Back" press="Back_to_position"/>
			<Image class="logoImage sapUiSmallMarginBegin sapUiTinyMarginTop" src="image/BNSF.png" press=""/>
		</contentLeft>
		<contentMiddle></contentMiddle>
		<contentRight width="auto" class="bar">
		</contentRight>
	</Bar>
	<Bar class="topheaderbg">
		<contentLeft></contentLeft>
		<contentMiddle></contentMiddle>
		<contentRight width="auto" class="bar">
			<Button type="Default" text="CREATE" press="onPress"/>
			<Button type="Default" text="EDIT" press="onPress"/>
			<Button type="Default" text="SAVE" press="onPress"/>
			<Button type="Default" text="PROGRESS" press="onPress"/>
			<Button type="Default" text="OPEN" press="onPress"/>
			<Button type="Default" text="BACK" press="onPress"/>
		</contentRight>
	</Bar>
		<!--<Button icon="sap-icon://menu2" type="Default" class="button "></Button>
		<ToolbarSpacer></ToolbarSpacer>
		<Image class="logoImage sapUiSmallMarginBegin sapUiTinyMarginTop" src="image/BNSF.png" press=""/>
		<ToolbarSpacer></ToolbarSpacer>
		<SearchField width="100%"/>
		<MenuButton text="Mohammed Saad" icon="sap-icon://private">
			<menu>
				<Menu itemSelected="onMenuAction">
					<items>
						<MenuItem text="Sign out" icon="sap-icon://edit"/>
					</items>
				</Menu>
			</menu>
		</MenuButton>-->
	</Toolbar>
</core:FragmentDefinition>